{
  "name": "Token Switch (No Scale Change)",
  "type": "script",
  "author": "ksnG1HofzzB90xii",
  "img": "icons/svg/cowled.svg",
  "scope": "global",
  "command": "// This macro is for hybrid setups where some battlemaps are top-down and some are isometric, and the GM wants a way to quickly switch the tokens.\n\n// This macro will apply the change to any and all selected tokens.\n\n// Your token images should be in the same folder, with their names set to TOKEN_A.png for the top-down token and TOKEN_B.png for the isometric one. (Replace the word \"TOKEN\" with the actual name. The names must match). Ensure TOKEN_A is set as the prototype token image.\n\n// This part changes the token image.\n\nlet tokens = canvas.tokens.controlled;\n\nfor (let token of tokens) {\n\nconst aName = '_A.png'\nconst bName = '_B.png'\n\nlet src = token.document.texture.src;\nsrc = src.includes(aName) ? src.replace(aName, bName) : src.replace(bName, aName);\nawait token.document.update({ texture: {src}});\n}",
  "folder": "okCr57UYxoeVcDeB",
  "flags": {
    "core": {},
    "scene-packer": {
      "hash": "39e277bc589d9c96939b2f6135427260fcbe3b8c",
      "sourceId": "Macro.lfSnVJ32q3CPaNAj"
    },
    "advanced-macros": {
      "runForSpecificUser": ""
    },
    "exportSource": {
      "world": "drakkenheim",
      "system": "pf2e",
      "coreVersion": "11.315",
      "systemVersion": "5.13.6"
    }
  },
  "_stats": {
    "systemId": "pf2e",
    "systemVersion": "5.13.6",
    "coreVersion": "11.315",
    "createdTime": 1707881027560,
    "modifiedTime": 1708302018734,
    "lastModifiedBy": "ksnG1HofzzB90xii"
  }
}