{
  "name": "Token Switch & Scale Up/Down",
  "type": "script",
  "author": "ksnG1HofzzB90xii",
  "img": "icons/svg/cowled.svg",
  "scope": "global",
  "command": "// This macro is for hybrid setups where some battlemaps are top-down and some are isometric, and the GM wants a way to quickly switch the tokens while also scaling up their isometric versions so they don't appear tiny on the map.\n\n// This macro will apply the change to any and all selected tokens.\n\n// Your token images should be in the same folder, with their names set to TOKEN_A.png for the top-down token and TOKEN_B.png for the isometric one. (Replace the word \"TOKEN\" with the actual name. The names must match). Ensure TOKEN_A is set as the prototype token image.\n\n// This part changes the token image.\n\nlet tokens = canvas.tokens.controlled;\n\nfor (let token of tokens) {\n\nconst aName = '_A.png'\nconst bName = '_B.png'\n\nlet src = token.document.texture.src;\nsrc = src.includes(aName) ? src.replace(aName, bName) : src.replace(bName, aName);\nawait token.document.update({ texture: {src}});\n}\n\n// Next it will increase/decrease the token scale, so the isometric tokens better match the scene scale.\n\nfor (let token of tokens) {\n\nconst scale = token.document.texture.scaleX === token.actor.prototypeToken.texture.scaleX ? token.actor.prototypeToken.texture.scaleX + 1.0 : token.actor.prototypeToken.texture.scaleX;\nawait token.document.update({\"texture.scaleX\": scale, \"texture.scaleY\": scale});\n}",
  "folder": "okCr57UYxoeVcDeB",
  "flags": {
    "core": {},
    "scene-packer": {
      "hash": "f9b989319d1b66f0a8b6a5eec304340eb52057d4",
      "sourceId": "Macro.YtKVh7AHwYXV076D"
    },
    "advanced-macros": {
      "runForSpecificUser": ""
    },
    "exportSource": {
      "world": "drakkenheim",
      "system": "pf2e",
      "coreVersion": "11.315",
      "systemVersion": "5.13.6"
    }
  },
  "_stats": {
    "systemId": "pf2e",
    "systemVersion": "5.13.6",
    "coreVersion": "11.315",
    "createdTime": 1707881027560,
    "modifiedTime": 1708302028560,
    "lastModifiedBy": "ksnG1HofzzB90xii"
  }
}